,Time,Volume
0,0.0,1.5088e-15
1,0.01,1.43429e-14
2,0.02,3.1224e-14
3,0.03,6.833680000000001e-14
4,0.04,1.38824e-13
5,0.05,2.1302199999999998e-13
6,0.06,3.00598e-13
